-- MySQL dump 10.13  Distrib 8.0.29, for Linux (x86_64)
--
-- Host: localhost    Database: mercadopagopaseshow
-- ------------------------------------------------------
-- Server version	8.0.29-0ubuntu0.20.04.3

/*!40101 SET @OLD_CHARACTER_SET_CLIENT=@@CHARACTER_SET_CLIENT */;
/*!40101 SET @OLD_CHARACTER_SET_RESULTS=@@CHARACTER_SET_RESULTS */;
/*!40101 SET @OLD_COLLATION_CONNECTION=@@COLLATION_CONNECTION */;
/*!50503 SET NAMES utf8mb4 */;
/*!40103 SET @OLD_TIME_ZONE=@@TIME_ZONE */;
/*!40103 SET TIME_ZONE='+00:00' */;
/*!40014 SET @OLD_UNIQUE_CHECKS=@@UNIQUE_CHECKS, UNIQUE_CHECKS=0 */;
/*!40014 SET @OLD_FOREIGN_KEY_CHECKS=@@FOREIGN_KEY_CHECKS, FOREIGN_KEY_CHECKS=0 */;
/*!40101 SET @OLD_SQL_MODE=@@SQL_MODE, SQL_MODE='NO_AUTO_VALUE_ON_ZERO' */;
/*!40111 SET @OLD_SQL_NOTES=@@SQL_NOTES, SQL_NOTES=0 */;

--
-- Table structure for table `devoluciones`
--

DROP TABLE IF EXISTS `devoluciones`;
/*!40101 SET @saved_cs_client     = @@character_set_client */;
/*!50503 SET character_set_client = utf8mb4 */;
CREATE TABLE `devoluciones` (
  `id` int NOT NULL AUTO_INCREMENT,
  `reservaId` int NOT NULL,
  `motivo` varchar(150) NOT NULL,
  `fechaDevolucion` bigint NOT NULL,
  `usuarioEncargadoId` int NOT NULL,
  `monto` decimal(10,2) DEFAULT NULL,
  PRIMARY KEY (`id`),
  KEY `reservaId` (`reservaId`),
  KEY `usuarioEncargadoId` (`usuarioEncargadoId`),
  CONSTRAINT `devoluciones_ibfk_1` FOREIGN KEY (`reservaId`) REFERENCES `reservas` (`id`),
  CONSTRAINT `devoluciones_ibfk_2` FOREIGN KEY (`usuarioEncargadoId`) REFERENCES `usuarios` (`id`)
) ENGINE=InnoDB AUTO_INCREMENT=15 DEFAULT CHARSET=utf8mb4 COLLATE=utf8mb4_0900_ai_ci;
/*!40101 SET character_set_client = @saved_cs_client */;

--
-- Dumping data for table `devoluciones`
--

LOCK TABLES `devoluciones` WRITE;
/*!40000 ALTER TABLE `devoluciones` DISABLE KEYS */;
INSERT INTO `devoluciones` VALUES (11,122073,'sdfsd',1623856623642,1,50.00),(12,122073,'assas',1623856656969,1,NULL),(13,122705,'prueba',1652784121820,1,1.00),(14,122691,'prueba',1653562284997,1,NULL);
/*!40000 ALTER TABLE `devoluciones` ENABLE KEYS */;
UNLOCK TABLES;

--
-- Table structure for table `reservaReferenceMp`
--

DROP TABLE IF EXISTS `reservaReferenceMp`;
/*!40101 SET @saved_cs_client     = @@character_set_client */;
/*!50503 SET character_set_client = utf8mb4 */;
CREATE TABLE `reservaReferenceMp` (
  `id` int NOT NULL AUTO_INCREMENT,
  `reservaId` int NOT NULL,
  `referenceId` varchar(100) NOT NULL,
  `clientMpId` bigint NOT NULL,
  `collectorId` bigint NOT NULL,
  `statusReference` varchar(10) DEFAULT 'pending',
  `idTransaccionMp` bigint DEFAULT NULL,
  PRIMARY KEY (`id`),
  UNIQUE KEY `reservaId` (`reservaId`),
  UNIQUE KEY `referenceId` (`referenceId`)
) ENGINE=InnoDB AUTO_INCREMENT=94 DEFAULT CHARSET=utf8mb4 COLLATE=utf8mb4_0900_ai_ci;
/*!40101 SET character_set_client = @saved_cs_client */;

--
-- Dumping data for table `reservaReferenceMp`
--

LOCK TABLES `reservaReferenceMp` WRITE;
/*!40000 ALTER TABLE `reservaReferenceMp` DISABLE KEYS */;
INSERT INTO `reservaReferenceMp` VALUES (39,122072,'772468311-c02e5825-44f2-479f-a32a-83b1a00b3393',1653700939107023,772468311,'approved',1237613140),(40,122073,'772468311-1de70d60-30cc-47ac-9e37-9cced3c04573',1653700939107023,772468311,'approved',1237610888),(41,122074,'456584334-8140b285-ee93-4db3-95be-7b1d0eed0e19',7765143967393000,456584334,'approved',1237655388),(42,122176,'456584334-924f6ae8-493a-46d6-bd15-bed2a4dac441',7765143967393000,456584334,'pending',NULL),(43,122182,'456584334-7ad34408-0868-4c70-ada1-f4a5edda0244',7765143967393000,456584334,'pending',NULL),(44,122305,'456584334-4cd6cdf1-f30a-44cc-acf8-24d287b52b52',7765143967393000,456584334,'pending',NULL),(45,122691,'456584334-39b7baaf-2b62-45e1-addd-40f677deb71b',7765143967393000,456584334,'refunded',1248102935),(46,122692,'456584334-38a07ccf-0baa-4330-89a5-2ffc9ff8b5b2',7765143967393000,456584334,'pending',NULL),(47,122705,'456584334-33f2cca2-3731-4453-917f-8585ca4cbcae',7765143967393000,456584334,'approved',1248116031),(48,122706,'456584334-acc57f81-752d-451c-8bba-2be4e34077d4',7765143967393000,456584334,'pending',NULL),(49,122708,'456584334-baf7622f-5314-426d-871f-a96eb6a9a71b',7765143967393000,456584334,'pending',NULL),(50,122709,'456584334-2d0e75b4-1817-4914-a5cd-b13554d858ab',7765143967393000,456584334,'pending',NULL),(51,122710,'456584334-3e53e030-e19d-42af-aa1a-b139d054e000',7765143967393000,456584334,'pending',NULL),(52,122711,'456584334-a145ae00-60dc-44ef-a601-2ee3c12d9988',7765143967393000,456584334,'approved',1248156357),(53,122712,'456584334-600d9aaa-d123-407b-a86f-fb3ccf294484',7765143967393000,456584334,'approved',1248156367),(54,122713,'456584334-f2a0b82a-4f3c-4561-9947-83d02d40dcd2',7765143967393000,456584334,'approved',1248156377),(55,122715,'456584334-2187725d-37a6-4c9b-b296-fe6ee9ceff6b',7765143967393000,456584334,'approved',1248172306),(56,122716,'456584334-65fbb4fc-de9c-4123-a25b-85745fdd69b9',7765143967393000,456584334,'pending',NULL),(57,122717,'456584334-08ada637-8476-4a59-a0a2-135153a578b7',7765143967393000,456584334,'approved',1248172865),(58,122718,'456584334-5b5aed07-00bb-4e0a-ad18-832c52744e31',7765143967393000,456584334,'approved',1248172887),(59,122719,'456584334-6adc60ea-84bc-4dc6-b44d-82d562b8f57d',7765143967393000,456584334,'rejected',1248175075),(60,122720,'456584334-cee0c4d5-6f7b-4935-ae07-2ae4729bbf6a',7765143967393000,456584334,'approved',1248175095),(61,122721,'456584334-40551721-6855-41eb-868d-df89b337e3ef',7765143967393000,456584334,'approved',1248174342),(62,122722,'456584334-0f9d3070-2e96-49fe-ae9c-e313b61bb180',7765143967393000,456584334,'rejected',1248175240),(63,122723,'456584334-d195947d-7bfe-47b3-8aac-ea50f2641554',7765143967393000,456584334,'rejected',1248175253),(64,122724,'456584334-8cbe8aa9-58ba-4dba-8f1d-d903ab5257b8',7765143967393000,456584334,'rejected',1248177104),(65,122725,'456584334-87566c71-c3a5-4d3c-9e48-493ad2cfe60b',7765143967393000,456584334,'pending',NULL),(66,122726,'456584334-f00df723-1967-441c-8df1-4fd6a3f28913',7765143967393000,456584334,'rejected',1248177440),(67,122727,'456584334-7e812182-2256-4ff6-a869-1e86b4751e34',7765143967393000,456584334,'rejected',1248176508),(68,122728,'456584334-fd758c95-230a-477d-bfce-9e8c7ef85182',7765143967393000,456584334,'pending',NULL),(69,122729,'456584334-09e81e1c-6f88-4221-984f-d2c41a2cba85',7765143967393000,456584334,'pending',NULL),(70,122730,'456584334-66c1ba87-fb2d-4064-b9ed-012cd9be35e7',7765143967393000,456584334,'rejected',1248177641),(71,122731,'456584334-cb236483-668f-4a8b-8ad9-93195c999b4d',7765143967393000,456584334,'pending',NULL),(72,122732,'456584334-2f0d2bc3-ab14-4b25-a2d3-202e0aeece67',7765143967393000,456584334,'pending',NULL),(73,122733,'456584334-18e82144-9e0b-400c-98cc-02cfb60c8283',7765143967393000,456584334,'rejected',1248178397),(74,122734,'456584334-d2e58615-d1c0-49e2-85f3-7ab2e4c5de14',7765143967393000,456584334,'rejected',1248179250),(75,122735,'456584334-80062dda-1c23-4fa7-be9a-ae9da895a9e0',7765143967393000,456584334,'rejected',1248178493),(76,122736,'456584334-a471d6b4-5c5a-4266-ba10-ba9bbb9eb1ba',7765143967393000,456584334,'rejected',1248178517),(77,122737,'456584334-567babd4-3e1a-403a-9afa-eb73a1e74948',7765143967393000,456584334,'rejected',1248179304),(78,122738,'456584334-d96af016-3536-497f-ac63-50588956f8d4',7765143967393000,456584334,'rejected',1248178559),(79,122739,'456584334-ba6f415c-0c4c-421b-8290-a923a7725ddb',7765143967393000,456584334,'rejected',1248179348),(80,122740,'456584334-64f1374c-491a-403d-b3ea-53e446fca2a4',7765143967393000,456584334,'rejected',1248178619),(81,122741,'456584334-86cfe763-18ed-4d53-89c9-52befe353871',7765143967393000,456584334,'approved',1248178648),(82,122742,'456584334-2c1fc798-dec0-4df6-ba70-9f03dd3688a8',7765143967393000,456584334,'pending',NULL),(83,122745,'456584334-5a94624d-ccb1-4365-b5fa-3904ce637e15',7765143967393000,456584334,'rejected',1248178668),(84,122746,'456584334-988c8faf-a2b5-4ed4-93ba-f02eecd3eefe',7765143967393000,456584334,'rejected',1248179770),(85,122747,'456584334-dc99732e-1487-49e6-8646-42e68de585c0',7765143967393000,456584334,'approved',1248179775),(86,122749,'456584334-e8a1ca46-00f8-4675-944d-faa085ec5d13',7765143967393000,456584334,'approved',1248180084),(87,122750,'456584334-3c09ce5f-e78c-4f1e-b8de-31f8f8e00839',7765143967393000,456584334,'approved',1248180103),(88,122753,'456584334-7df130c0-d15b-469a-a28b-69a042b12369',7765143967393000,456584334,'approved',1248180229),(89,122754,'456584334-cc174d5d-9d70-4ca6-b93e-3bce5ff5a1cf',7765143967393000,456584334,'approved',22605893341),(90,122755,'456584334-076e86aa-6109-4b8b-ae43-ad82a26b89b0',7765143967393000,456584334,'approved',22606347270),(91,122756,'456584334-6b58a42a-9c5e-424b-895e-3a5b554f9d56',7765143967393000,456584334,'approved',22606549170),(92,122757,'456584334-a09bee2c-a0b9-4b21-ab1a-29c8870081b4',7765143967393000,456584334,'pending',NULL),(93,122758,'456584334-c5f63cec-b3bb-40b2-8b4e-6e84ca23eebd',7765143967393000,456584334,'approved',22643016605);
/*!40000 ALTER TABLE `reservaReferenceMp` ENABLE KEYS */;
UNLOCK TABLES;

--
-- Table structure for table `reservas`
--

DROP TABLE IF EXISTS `reservas`;
/*!40101 SET @saved_cs_client     = @@character_set_client */;
/*!50503 SET character_set_client = utf8mb4 */;
CREATE TABLE `reservas` (
  `id` int NOT NULL,
  `tipo` char(3) NOT NULL,
  `importeTotal` decimal(10,2) DEFAULT NULL,
  `importeTotalNeto` decimal(10,2) DEFAULT NULL,
  `serviceChargeTotal` decimal(10,2) DEFAULT NULL,
  `estado` char(1) NOT NULL,
  `boleteria` char(1) NOT NULL,
  `fechaReserva` bigint NOT NULL,
  `fechaFacturacion` bigint DEFAULT NULL,
  `turnoId` int DEFAULT NULL,
  `clienteDni` int NOT NULL,
  `clienteNombre` char(40) NOT NULL,
  `clienteEmail` char(50) DEFAULT NULL,
  `reservaPreferenceMpId` int NOT NULL,
  `eventoId` int NOT NULL,
  `eventoNombre` char(100) NOT NULL,
  `ubicacionEventoId` int NOT NULL,
  `ubicacionEventoEstado` char(1) NOT NULL,
  `ubicacionEventoFechaIngreso` bigint DEFAULT NULL,
  `sectorEventoDescripcion` char(150) NOT NULL,
  `sectorEventoFechaFuncion` bigint NOT NULL,
  `descuentoSectorDescripcion` char(45) NOT NULL,
  PRIMARY KEY (`id`),
  KEY `reservaPreferenceMpId` (`reservaPreferenceMpId`),
  CONSTRAINT `reservas_ibfk_1` FOREIGN KEY (`reservaPreferenceMpId`) REFERENCES `reservaReferenceMp` (`id`)
) ENGINE=InnoDB DEFAULT CHARSET=utf8mb4 COLLATE=utf8mb4_0900_ai_ci;
/*!40101 SET character_set_client = @saved_cs_client */;

--
-- Dumping data for table `reservas`
--

LOCK TABLES `reservas` WRITE;
/*!40000 ALTER TABLE `reservas` DISABLE KEYS */;
INSERT INTO `reservas` VALUES (122072,'TST',100.00,NULL,0.00,'E','W',1623856229000,NULL,NULL,40108490,'Roger Bariless',NULL,39,150,'pruebTwicht',2875109,'R',NULL,'Twitch Func',1613689200000,'MENORES'),(122073,'TST',50.00,NULL,0.00,'A','W',1623856314000,NULL,NULL,40108490,'Roger Bariless',NULL,40,150,'pruebTwicht',2875110,'R',NULL,'Twitch Func',1613689200000,'MENORES'),(122074,'TST',100.00,NULL,0.00,'E','W',1623943440000,NULL,NULL,40108490,'Roger Bariless',NULL,41,150,'pruebTwicht',2875107,'R',NULL,'Twitch Func',1613689200000,'MENORES'),(122176,'TST',100.00,NULL,0.00,'P','W',1628777286000,NULL,NULL,25858046,'Edgar miguel gonzales',NULL,42,150,'pruebTwicht',2875140,'R',NULL,'Twitch Func',1613689200000,'MENORES'),(122182,'TST',100.00,NULL,0.00,'P','W',1629245214000,NULL,NULL,40108490,'Roger Bariless',NULL,43,150,'pruebTwicht',2875139,'R',NULL,'Twitch Func',1613689200000,'MENORES'),(122691,'TST',2.00,NULL,0.00,'A','W',1652727651000,NULL,NULL,25858046,'Edgar miguel gonzales',NULL,45,167,'FESTIVAL BUM BUM',3407521,'R',NULL,'TEST MERCADO PAGO',1654045200000,'TEST MERCADO PAGO'),(122692,'TST',2.00,NULL,0.00,'P','W',1652727776000,NULL,NULL,25858046,'Edgar miguel gonzales',NULL,46,167,'FESTIVAL BUM BUM',3407522,'R',NULL,'TEST MERCADO PAGO',1654045200000,'TEST MERCADO PAGO'),(122705,'TST',1.00,NULL,0.00,'E','W',1652783211000,NULL,NULL,40108490,'Roger Bariless',NULL,47,167,'FESTIVAL BUM BUM',3407534,'R',NULL,'TEST MERCADO PAGO',1654045200000,'TEST MERCADO PAGO'),(122706,'TST',2.00,NULL,0.00,'P','W',1652783418000,NULL,NULL,40108490,'Roger Bariless',NULL,48,167,'FESTIVAL BUM BUM',3407535,'R',NULL,'TEST MERCADO PAGO',1654045200000,'TEST MERCADO PAGO'),(122708,'TST',2.00,NULL,0.00,'P','W',1652783736000,NULL,NULL,40108490,'Roger Bariless',NULL,49,167,'FESTIVAL BUM BUM',3407537,'R',NULL,'TEST MERCADO PAGO',1654045200000,'TEST MERCADO PAGO'),(122709,'TST',2.00,NULL,0.00,'P','W',1652801024000,NULL,NULL,40108490,'Roger Bariless',NULL,50,167,'FESTIVAL BUM BUM',3407536,'R',NULL,'TEST MERCADO PAGO',1654045200000,'TEST MERCADO PAGO'),(122710,'TST',2.00,NULL,0.00,'P','W',1652801039000,NULL,NULL,25858046,'Edgar miguel gonzales',NULL,51,167,'FESTIVAL BUM BUM',3407538,'R',NULL,'TEST MERCADO PAGO',1654045200000,'TEST MERCADO PAGO'),(122711,'TST',2.00,NULL,0.00,'E','W',1652973979000,NULL,NULL,10092018,'Administrador PaseShow',NULL,52,167,'FESTIVAL BUM BUM',3407539,'R',NULL,'TEST MERCADO PAGO',1654045200000,'TEST MERCADO PAGO'),(122712,'TST',2.00,NULL,0.00,'E','W',1652974063000,NULL,NULL,10092018,'Administrador PaseShow',NULL,53,167,'FESTIVAL BUM BUM',3407540,'R',NULL,'TEST MERCADO PAGO',1654045200000,'TEST MERCADO PAGO'),(122713,'TST',2.00,NULL,0.00,'E','W',1652974250000,NULL,NULL,10092018,'Administrador PaseShow',NULL,54,167,'FESTIVAL BUM BUM',3407541,'R',NULL,'TEST MERCADO PAGO',1654045200000,'TEST MERCADO PAGO'),(122715,'TST',2.00,NULL,0.00,'E','W',1653046568000,NULL,NULL,40108490,'Roger Bariless',NULL,55,167,'FESTIVAL BUM BUM',3407542,'R',NULL,'TEST MERCADO PAGO',1654045200000,'TEST MERCADO PAGO'),(122716,'TST',2.00,NULL,0.00,'P','W',1653048721000,NULL,NULL,40108490,'Roger Bariless',NULL,56,167,'FESTIVAL BUM BUM',3407543,'R',NULL,'TEST MERCADO PAGO',1654045200000,'TEST MERCADO PAGO'),(122717,'TST',2.00,NULL,0.00,'E','W',1653054957000,NULL,NULL,40108490,'Roger Bariless',NULL,57,167,'FESTIVAL BUM BUM',3407544,'R',NULL,'TEST MERCADO PAGO',1654045200000,'TEST MERCADO PAGO'),(122718,'TST',2.00,NULL,0.00,'E','W',1653055055000,NULL,NULL,40108490,'Roger Bariless',NULL,58,167,'FESTIVAL BUM BUM',3407545,'R',NULL,'TEST MERCADO PAGO',1654045200000,'TEST MERCADO PAGO'),(122719,'TST',2.00,NULL,0.00,'P','W',1653056476000,NULL,NULL,40108490,'Roger Bariless',NULL,59,167,'FESTIVAL BUM BUM',3407546,'R',NULL,'TEST MERCADO PAGO',1654045200000,'TEST MERCADO PAGO'),(122720,'TST',2.00,NULL,0.00,'E','W',1653056637000,NULL,NULL,40108490,'Roger Bariless',NULL,60,167,'FESTIVAL BUM BUM',3407547,'R',NULL,'TEST MERCADO PAGO',1654045200000,'TEST MERCADO PAGO'),(122721,'TST',2.00,NULL,0.00,'E','W',1653057564000,NULL,NULL,40108490,'Roger Bariless',NULL,61,167,'FESTIVAL BUM BUM',3407548,'R',NULL,'TEST MERCADO PAGO',1654045200000,'TEST MERCADO PAGO'),(122722,'TST',2.00,NULL,0.00,'E','W',1653057848000,NULL,NULL,10092018,'Administrador PaseShow',NULL,62,167,'FESTIVAL BUM BUM',3407549,'R',NULL,'TEST MERCADO PAGO',1654045200000,'TEST MERCADO PAGO'),(122723,'TST',100.00,NULL,0.00,'E','W',1653058079000,NULL,NULL,10092018,'Administrador PaseShow',NULL,63,167,'FESTIVAL BUM BUM',3407550,'R',NULL,'TEST MERCADO PAGO',1654045200000,'TEST MERCADO PAGO'),(122724,'TST',100.00,NULL,0.00,'E','W',1653059875000,NULL,NULL,10092018,'Administrador PaseShow',NULL,64,167,'FESTIVAL BUM BUM',3407551,'R',NULL,'TEST MERCADO PAGO',1654045200000,'TEST MERCADO PAGO'),(122725,'TST',100.00,NULL,0.00,'P','W',1653060365000,NULL,NULL,40108490,'Roger Bariless',NULL,65,167,'FESTIVAL BUM BUM',3407552,'R',NULL,'TEST MERCADO PAGO',1654045200000,'TEST MERCADO PAGO'),(122726,'TST',100.00,NULL,0.00,'E','W',1653062909000,NULL,NULL,10092018,'Administrador PaseShow',NULL,66,167,'FESTIVAL BUM BUM',3407553,'R',NULL,'TEST MERCADO PAGO',1654045200000,'TEST MERCADO PAGO'),(122727,'TST',100.00,NULL,0.00,'E','W',1653063111000,NULL,NULL,10092018,'Administrador PaseShow',NULL,67,167,'FESTIVAL BUM BUM',3407554,'R',NULL,'TEST MERCADO PAGO',1654045200000,'TEST MERCADO PAGO'),(122728,'TST',100.00,NULL,0.00,'P','W',1653063540000,NULL,NULL,10092018,'Administrador PaseShow',NULL,68,167,'FESTIVAL BUM BUM',3407555,'R',NULL,'TEST MERCADO PAGO',1654045200000,'TEST MERCADO PAGO'),(122729,'TST',100.00,NULL,0.00,'P','W',1653064477000,NULL,NULL,40108490,'Roger Bariless',NULL,69,167,'FESTIVAL BUM BUM',3407556,'R',NULL,'TEST MERCADO PAGO',1654045200000,'TEST MERCADO PAGO'),(122730,'TST',100.00,NULL,0.00,'E','W',1653064690000,NULL,NULL,25858046,'Edgar miguel gonzales',NULL,70,167,'FESTIVAL BUM BUM',3407557,'R',NULL,'TEST MERCADO PAGO',1654045200000,'TEST MERCADO PAGO'),(122731,'TST',100.00,NULL,0.00,'P','W',1653064985000,NULL,NULL,25858046,'Edgar miguel gonzales',NULL,71,167,'FESTIVAL BUM BUM',3407558,'R',NULL,'TEST MERCADO PAGO',1654045200000,'TEST MERCADO PAGO'),(122732,'TST',100.00,NULL,0.00,'P','W',1653068843000,NULL,NULL,40108490,'Roger Bariless',NULL,72,167,'FESTIVAL BUM BUM',3407559,'R',NULL,'TEST MERCADO PAGO',1654045200000,'TEST MERCADO PAGO'),(122733,'TST',100.00,NULL,0.00,'E','W',1653068906000,NULL,NULL,40108490,'Roger Bariless',NULL,73,167,'FESTIVAL BUM BUM',3407560,'R',NULL,'TEST MERCADO PAGO',1654045200000,'TEST MERCADO PAGO'),(122734,'TST',100.00,NULL,0.00,'E','W',1653069151000,NULL,NULL,40108490,'Roger Bariless',NULL,74,167,'FESTIVAL BUM BUM',3407561,'R',NULL,'TEST MERCADO PAGO',1654045200000,'TEST MERCADO PAGO'),(122735,'TST',100.00,NULL,0.00,'E','W',1653069352000,NULL,NULL,40108490,'Roger Bariless',NULL,75,167,'FESTIVAL BUM BUM',3407562,'R',NULL,'TEST MERCADO PAGO',1654045200000,'TEST MERCADO PAGO'),(122736,'TST',100.00,NULL,0.00,'E','W',1653069541000,NULL,NULL,40108490,'Roger Bariless',NULL,76,167,'FESTIVAL BUM BUM',3407563,'R',NULL,'TEST MERCADO PAGO',1654045200000,'TEST MERCADO PAGO'),(122737,'TST',100.00,NULL,0.00,'E','W',1653069647000,NULL,NULL,40108490,'Roger Bariless',NULL,77,167,'FESTIVAL BUM BUM',3407564,'R',NULL,'TEST MERCADO PAGO',1654045200000,'TEST MERCADO PAGO'),(122738,'TST',100.00,NULL,0.00,'E','W',1653069814000,NULL,NULL,40108490,'Roger Bariless',NULL,78,167,'FESTIVAL BUM BUM',3407565,'R',NULL,'TEST MERCADO PAGO',1654045200000,'TEST MERCADO PAGO'),(122739,'TST',100.00,NULL,0.00,'E','W',1653070117000,NULL,NULL,40108490,'Roger Bariless',NULL,79,167,'FESTIVAL BUM BUM',3407566,'R',NULL,'TEST MERCADO PAGO',1654045200000,'TEST MERCADO PAGO'),(122740,'TST',100.00,NULL,0.00,'P','W',1653070349000,NULL,NULL,40108490,'Roger Bariless',NULL,80,167,'FESTIVAL BUM BUM',3407567,'R',NULL,'TEST MERCADO PAGO',1654045200000,'TEST MERCADO PAGO'),(122741,'TST',100.00,NULL,0.00,'E','W',1653070464000,NULL,NULL,40108490,'Roger Bariless',NULL,81,167,'FESTIVAL BUM BUM',3407568,'R',NULL,'TEST MERCADO PAGO',1654045200000,'TEST MERCADO PAGO'),(122742,'TST',100.00,NULL,0.00,'P','W',1653070653000,NULL,NULL,10092018,'Administrador PaseShow',NULL,82,167,'FESTIVAL BUM BUM',3407569,'R',NULL,'TEST MERCADO PAGO',1654045200000,'TEST MERCADO PAGO'),(122745,'TST',100.00,NULL,0.00,'R','W',1653070701000,NULL,NULL,10092018,'Administrador PaseShow',NULL,83,167,'FESTIVAL BUM BUM',3407570,'R',NULL,'TEST MERCADO PAGO',1654045200000,'TEST MERCADO PAGO'),(122746,'TST',100.00,NULL,0.00,'R','W',1653072957000,NULL,NULL,40108490,'Roger Bariless',NULL,84,167,'FESTIVAL BUM BUM',3407571,'R',NULL,'TEST MERCADO PAGO',1654045200000,'TEST MERCADO PAGO'),(122747,'TST',100.00,NULL,0.00,'E','W',1653073025000,NULL,NULL,40108490,'Roger Bariless',NULL,85,167,'FESTIVAL BUM BUM',3407572,'R',NULL,'TEST MERCADO PAGO',1654045200000,'TEST MERCADO PAGO'),(122749,'TST',100.00,NULL,0.00,'E','W',1653073145000,NULL,NULL,40108490,'Roger Bariless',NULL,86,167,'FESTIVAL BUM BUM',3407573,'R',NULL,'TEST MERCADO PAGO',1654045200000,'TEST MERCADO PAGO'),(122750,'TST',100.00,NULL,0.00,'E','W',1653073290000,NULL,NULL,40108490,'Roger Bariless',NULL,87,167,'FESTIVAL BUM BUM',3407574,'R',NULL,'TEST MERCADO PAGO',1654045200000,'TEST MERCADO PAGO'),(122753,'TST',100.00,NULL,0.00,'E','W',1653073883000,NULL,NULL,10092018,'Administrador PaseShow',NULL,88,167,'FESTIVAL BUM BUM',3407576,'R',NULL,'TEST MERCADO PAGO',1654045200000,'TEST MERCADO PAGO'),(122754,'TST',100.00,NULL,0.00,'E','W',1653417456000,NULL,NULL,25858046,'Edgar miguel gonzales',NULL,89,167,'FESTIVAL BUM BUM',3407577,'R',NULL,'TEST MERCADO PAGO',1654045200000,'TEST MERCADO PAGO'),(122755,'TST',100.00,NULL,0.00,'E','W',1653418057000,NULL,NULL,25858046,'Edgar miguel gonzales',NULL,90,167,'FESTIVAL BUM BUM',3407578,'R',NULL,'TEST MERCADO PAGO',1654045200000,'TEST MERCADO PAGO'),(122756,'TST',100.00,NULL,0.00,'E','W',1653419044000,NULL,NULL,25858046,'Edgar miguel gonzales',NULL,91,167,'FESTIVAL BUM BUM',3407579,'R',NULL,'TEST MERCADO PAGO',1654045200000,'TEST MERCADO PAGO'),(122757,'TST',100.00,NULL,0.00,'P','W',1653562739000,NULL,NULL,40108490,'Roger Bariless',NULL,92,167,'FESTIVAL BUM BUM',3407580,'R',NULL,'TEST MERCADO PAGO',1654045200000,'TEST MERCADO PAGO'),(122758,'TST',100.00,NULL,0.00,'E','W',1653562797000,NULL,NULL,40108490,'Roger Bariless',NULL,93,167,'FESTIVAL BUM BUM',3407581,'R',NULL,'TEST MERCADO PAGO',1654045200000,'TEST MERCADO PAGO');
/*!40000 ALTER TABLE `reservas` ENABLE KEYS */;
UNLOCK TABLES;

--
-- Table structure for table `securityMercadoPago`
--

DROP TABLE IF EXISTS `securityMercadoPago`;
/*!40101 SET @saved_cs_client     = @@character_set_client */;
/*!50503 SET character_set_client = utf8mb4 */;
CREATE TABLE `securityMercadoPago` (
  `id` int NOT NULL AUTO_INCREMENT,
  `accessToken` varchar(255) NOT NULL,
  `publicKey` varchar(255) NOT NULL,
  `userIdMp` bigint NOT NULL,
  `nombreCuenta` varchar(255) NOT NULL,
  `nombre` varchar(255) NOT NULL,
  `eventoId` int NOT NULL,
  PRIMARY KEY (`id`)
) ENGINE=InnoDB AUTO_INCREMENT=11 DEFAULT CHARSET=utf8mb4 COLLATE=utf8mb4_0900_ai_ci;
/*!40101 SET character_set_client = @saved_cs_client */;

--
-- Dumping data for table `securityMercadoPago`
--

LOCK TABLES `securityMercadoPago` WRITE;
/*!40000 ALTER TABLE `securityMercadoPago` DISABLE KEYS */;
INSERT INTO `securityMercadoPago` VALUES (8,'TEST-7765143967393000-042116-2389ef370f47350b7f5e67264c54d03c-456584334','TEST-1b811805-e4e6-4b83-9786-07f9d573707a',456584334,'paseshow','paseshow',150),(9,'TEST-7765143967393000-042116-2389ef370f47350b7f5e67264c54d03c-456584334','TEST-1b811805-e4e6-4b83-9786-07f9d573707a',456584334,'paseshow','paseshow',158),(10,'APP_USR-7765143967393000-042116-910408ef19b3813ca7adddfd338458a9-456584334','APP_USR-2dc777af-e32d-443b-9cfc-208d64c3340c',7765143967393000,'paseshow','paseshow',167);
/*!40000 ALTER TABLE `securityMercadoPago` ENABLE KEYS */;
UNLOCK TABLES;

--
-- Table structure for table `usuarios`
--

DROP TABLE IF EXISTS `usuarios`;
/*!40101 SET @saved_cs_client     = @@character_set_client */;
/*!50503 SET character_set_client = utf8mb4 */;
CREATE TABLE `usuarios` (
  `id` int NOT NULL AUTO_INCREMENT,
  `username` int NOT NULL,
  `pass` varchar(100) NOT NULL,
  `nameLastName` varchar(150) DEFAULT NULL,
  PRIMARY KEY (`id`)
) ENGINE=InnoDB AUTO_INCREMENT=2 DEFAULT CHARSET=utf8mb4 COLLATE=utf8mb4_0900_ai_ci;
/*!40101 SET character_set_client = @saved_cs_client */;

--
-- Dumping data for table `usuarios`
--

LOCK TABLES `usuarios` WRITE;
/*!40000 ALTER TABLE `usuarios` DISABLE KEYS */;
INSERT INTO `usuarios` VALUES (1,25858046,'$2b$10$qmnawtJE/BwF/GV/qE/j7eDqhkWT9eMcGl5kZacty0cXyeI9ec3Mu',NULL);
/*!40000 ALTER TABLE `usuarios` ENABLE KEYS */;
UNLOCK TABLES;
/*!40103 SET TIME_ZONE=@OLD_TIME_ZONE */;

/*!40101 SET SQL_MODE=@OLD_SQL_MODE */;
/*!40014 SET FOREIGN_KEY_CHECKS=@OLD_FOREIGN_KEY_CHECKS */;
/*!40014 SET UNIQUE_CHECKS=@OLD_UNIQUE_CHECKS */;
/*!40101 SET CHARACTER_SET_CLIENT=@OLD_CHARACTER_SET_CLIENT */;
/*!40101 SET CHARACTER_SET_RESULTS=@OLD_CHARACTER_SET_RESULTS */;
/*!40101 SET COLLATION_CONNECTION=@OLD_COLLATION_CONNECTION */;
/*!40111 SET SQL_NOTES=@OLD_SQL_NOTES */;

-- Dump completed on 2022-05-26 11:54:04
